,Product,Price,Review
0,Shizuoka Single Malt Prologue K and Prologue W 2x20cl,£199,none
1,Hakushu Distiller's Reserve,£70.95,4.5(28 Reviews)
2,Nikka Coffey Grain Whisky,£56.95,4.5(51 Reviews)
3,Yoichi Single Malt,£75.95,4.5(9 Reviews)
4,Suntory Toki,£33.95,4(33 Reviews)
5,The Chita Whisky,£51.95,4.5(40 Reviews)
6,Miyagikyo Single Malt,£75.95,4.5(9 Reviews)
7,Hakushu 10 Year Old,£375,5(1 Review)
8,Akashi Single Malt Whisky,£73.75,5(1 Review)
9,Kaiyo Mizunara Oak Cask Strength,£110,5(3 Reviews)
10,Suntory Torys Classic,£30.45,3.5(2 Reviews)
11,Akashi 5 Year Old Sherry Cask Half Litre,£150,5(2 Reviews)
12,Yoichi 10 Year Old,£500,4.5(9 Reviews)
13,Miyagikyo 10 Year Old,£450,none
14,The House of Suntory Triology Pack 3x20cl,£44.95,none
15,Kaiyo Peated Mizunara Oak,£99.95,none
16,Kaiyo Mizunara Oak,£82.95,5(2 Reviews)
17,Miyagikyo 15 Year Old,"£1,000",4(1 Review)
18,Nikka Coffey Grain Whisky Show Package 2 Sunday Tickets,£264,none
19,Nikka Coffey Grain Whisky Show Package 1 Sunday Ticket,£165,none
20,Chichibu 2009 10 Year Old Artist International 10th Anniversary,"£3,500",none
21,Ichiro's Malt & Grain Japanese Blended Whisky 2020,"£2,000",none
22,Chichibu 2010 Cask #1000,"£3,250",none
23,Hanyu 1985 The Joker Monochrome Label,"£60,000",none
